{"data_time": 0.0034678000083658844, "eta_seconds": 578.046211998444, "fast_rcnn/cls_accuracy": 0.751953125, "fast_rcnn/false_negative": 0.7759372275501308, "fast_rcnn/fg_cls_accuracy": 0.22406277244986922, "iteration": 19, "loss_box_reg": 0.598212867975235, "loss_cls": 0.6015850901603699, "loss_rpn_cls": 0.03937545605003834, "loss_rpn_loc": 0.009261612314730883, "lr": 0.00019081000000000002, "roi_head/num_bg_samples": 107.75, "roi_head/num_fg_samples": 20.25, "rpn/num_neg_anchors": 248.25, "rpn/num_pos_anchors": 7.75, "time": 7.225577649980551, "total_loss": 1.3210890777409077}
{"data_time": 0.002653850009664893, "eta_seconds": 479.6740739996312, "fast_rcnn/cls_accuracy": 0.828125, "fast_rcnn/false_negative": 1.0, "fast_rcnn/fg_cls_accuracy": 0.0, "iteration": 39, "loss_box_reg": 0.6636822521686554, "loss_cls": 0.3288029581308365, "loss_rpn_cls": 0.009985762648284435, "loss_rpn_loc": 0.00846925564110279, "lr": 0.00039061, "roi_head/num_bg_samples": 104.25, "roi_head/num_fg_samples": 23.75, "rpn/num_neg_anchors": 249.0, "rpn/num_pos_anchors": 7.0, "time": 8.934517999994569, "total_loss": 0.993758522439748}
{"data_time": 0.002783749980153516, "eta_seconds": 339.46149999974295, "fast_rcnn/cls_accuracy": 0.912109375, "fast_rcnn/false_negative": 0.35028929604628734, "fast_rcnn/fg_cls_accuracy": 0.6497107039537127, "iteration": 59, "loss_box_reg": 0.6144843697547913, "loss_cls": 0.20514991879463196, "loss_rpn_cls": 0.004037088016048074, "loss_rpn_loc": 0.004548328462988138, "lr": 0.00059041, "roi_head/num_bg_samples": 104.5, "roi_head/num_fg_samples": 23.5, "rpn/num_neg_anchors": 249.75, "rpn/num_pos_anchors": 6.25, "time": 8.878815450007096, "total_loss": 0.8353986832080409}
{"data_time": 0.003975300001911819, "eta_seconds": 178.47267999954056, "fast_rcnn/cls_accuracy": 0.939453125, "fast_rcnn/false_negative": 0.09262435677530018, "fast_rcnn/fg_cls_accuracy": 0.9073756432246998, "iteration": 79, "loss_box_reg": 0.4308830052614212, "loss_cls": 0.16451389342546463, "loss_rpn_cls": 0.004926549736410379, "loss_rpn_loc": 0.004888018127530813, "lr": 0.0007902100000000001, "roi_head/num_bg_samples": 101.0, "roi_head/num_fg_samples": 27.0, "rpn/num_neg_anchors": 249.75, "rpn/num_pos_anchors": 6.25, "time": 11.679050600010669, "total_loss": 0.6228228940162808}
{"data_time": 0.004068000009283423, "eta_seconds": 0.0, "fast_rcnn/cls_accuracy": 0.923828125, "fast_rcnn/false_negative": 0.1381091101694915, "fast_rcnn/fg_cls_accuracy": 0.8618908898305084, "iteration": 99, "loss_box_reg": 0.2742275446653366, "loss_cls": 0.17394563555717468, "loss_rpn_cls": 0.007544176420196891, "loss_rpn_loc": 0.006931199226528406, "lr": 0.00099001, "roi_head/num_bg_samples": 103.0, "roi_head/num_fg_samples": 25.0, "rpn/num_neg_anchors": 249.5, "rpn/num_pos_anchors": 6.5, "time": 11.1624896999856, "total_loss": 0.4814730971120298}
